concurrency,e2e_p50_s,e2e_p95_s,tps
1,0.5031401058658957,1.7377893444150687,72.54865374731953
4,0.5022155977785587,1.7360958707518876,72.73577288638326
16,0.5035201264545321,1.7385739535093307,72.59037177108523
